filename,caption
test_1.jpg,A large modern building with a flat roof and large windows is in the background. The building is made of stone and has a modern design. In front of the building is a parking lot with a few cars parked. There are also a few people walking around.
test_2.jpg,A skier is skiing down a slope.
test_3.jpg,A bedroom with a stone floor and a yellow bed.
test_4.jpg,A black and white photo of a steam engine train passing through a station.
test_5.jpg,A yellow and white bus is parked in front of a store called Preterre.
test_6.jpg,A house with a black roof and white walls is in the middle of a field with a few sheep grazing.
test_7.jpg,Man playing wii with wii remote and nintendo controller.
test_8.jpg,Two cyclists riding on a street with a fire hydrant in the foreground.
test_9.jpg,A black phone with a knife and a black phone with a black background.
test_10.jpg,A black top hat sits on a mannequin head next to a clock.
test_11.jpg,A yellow and white train is parked at a station.
test_12.jpg,A man is bathing an elephant in a river.
test_13.jpg,"A plate of food with tomatoes, green beans and potatoes."
test_14.jpg,A white cow with black horns is in the foreground of the image. The background is green and out of focus.
test_15.jpg,A woman is walking a dog down the street on a skateboard.
test_16.jpg,Blue portable toilets are in front of a railroad track with a train in the distance.
test_17.jpg,"A frosted glass door with black square decals shows a bathroom with a toilet, sink, and mirror. The frosted glass door has a black square decal pattern. The bathroom has a white brick wall and a white curtain."
test_18.jpg,Surfer riding wave with black squares in background.
test_19.jpg,A pizza on a white stove with a black background.
test_20.jpg,A red fire hydrant is in the foreground of a storage facility with closed red garage doors. The ground around the fire hydrant is covered in moss and dirt. The ground is wet from the rain.
test_21.jpg,A field of grass with a blue sky and six red jets flying in a line.
test_22.jpg,A large plane is landing at an airport. The plane is white and blue with a red tail. The plane is landing on a runway. The runway is surrounded by a fence. The fence is made of metal. The sky is blue.
test_23.jpg,A young woman in a green shirt and jean shorts rides down a blue inflatable slide.
test_24.jpg,A man is jumping in mid air to grab a green frisbee.
test_25.jpg,Tennis player in blue shirt and shorts is hitting a tennis ball with racquet.
test_26.jpg,A vase of flowers sits on a table.
test_27.jpg,A blue sky with a kite flying in the upper right corner.
test_28.jpg,A bowl of food with broccoli and rice.
test_29.jpg,"A stop sign with a sign on it that says ""stop"" in russian."
test_30.jpg,A tennis player is holding his racquet and looks upset.
test_31.jpg,"A colorful and vibrant painting of sailboats on a calm sea. The foreground features two sailboats docked on a rocky shore, with the sailboats positioned side by side. The sailboats are depicted in a realistic style, with their sails unfurled and their hulls resting on the calm water. The water is depicted in a light blue hue, with small waves rippling across the surface. The shore is composed of a rocky beach with a few small rocks scattered around, and the background is dominated by a large, light-colored cliff covered in dense green vegetation. The cliff extends into the sky, creating a dramatic contrast between the light and dark elements of the painting. The sky is depicted in a light blue hue, with a few scattered clouds. The overall composition of the painting is well-balanced, with the sailboats and the cliff creating a sense of depth and perspective. The painting is done in a realistic style, with attention to detail and a focus on the natural beauty of"
test_32.jpg,A man in a white hat is flying a kite in a park.
test_33.jpg,A photo of sheep standing on a grassy hill overlooking a lake and mountains.
test_34.jpg,A silver Chevrolet pickup truck is parked in a parking lot.
test_35.jpg,"A yellow diamond-shaped sign with the word ""BUMP"" on it hangs from a streetlight pole. The streetlight is lit by four bright lights, which are positioned in a square formation around the sign. The street is dark, and the only light comes from the streetlight and the sign."
test_36.jpg,Banana peel in front of a red double decker bus.
test_37.jpg,"Group of people at ski lift with sign reading ""Filipowa"" above them."
test_38.jpg,Cow grazing in field with black squares in background.
test_39.jpg,A mountain scene with two people walking down a dirt road.
test_40.jpg,A double decker bus drives down a street in London.
test_41.jpg,"A cluttered kitchen counter with a sign that says ""Fish give brains with bones you can make money, more fish"" and a sign that says ""Thank you for not smoking""."
test_42.jpg,Three men are bathing an elephant in a river.
test_43.jpg,A boy in red shorts and a black shirt is catching a frisbee.
test_44.jpg,A blue sky with white clouds and black squares scattered around the sky.
test_45.jpg,A person is skateboarding over a ramp.
test_46.jpg,A bird is flying over a body of water at sunset.
test_47.jpg,A red and white tram is on the street in front of a building.
test_48.jpg,A bus is stopped at a bus stop.
test_49.jpg,A boy is walking with a small brown horse in a field.
test_50.jpg,A street sign with the number 710 on it.
test_51.jpg,A classic 1950s Chevrolet pickup truck is parked in front of a parking meter.
test_52.jpg,A man runs after a dog on a beach.
test_53.jpg,"A dining table is covered with several dishes of food, including a pie, salad, rice, and other dishes. The table is made of wood and is dark brown in color. The dishes are arranged in a circle around the table. The food is mostly vegetarian, with some meat dishes. The table is lit by a warm light, which creates a cozy atmosphere."
test_54.jpg,Skateboarder in middle of a crowd.
test_55.jpg,A bakery with a lot of donuts on display.
test_56.jpg,Two sandwiches on a plate with a bag of chips.
test_57.jpg,A three wheeled motorcycle with a seat and a trailer attached.
test_58.jpg,A man surfing on a white and blue surfboard.
test_59.jpg,A parking meter is on the windshield of a car.
test_60.jpg,Five brown bear cubs are on a grassy patch of land in a zoo enclosure.
test_61.jpg,Four jets are flying in formation.
test_62.jpg,A black and white photo of a building with a clock on it.
test_63.jpg,"A plate of food with a chicken breast, sweet potato fries, and a steak."
test_64.jpg,A storefront window with a table between three bears.
test_65.jpg,A knife is on a wood slice with cigarettes and cloves next to it.
test_66.jpg,Two clocks on a building with a red roof.
test_67.jpg,A snowboarder is jumping off a ramp. There are other snowboarders in the background.
test_68.jpg,A tennis player is hitting a ball on a grass court.
test_69.jpg,A kitchen with a large island in the center.
test_70.jpg,A teddy bear is sitting on a window sill and reading a book.
test_71.jpg,Tennis player in white shirt and red shorts is about to hit the ball.
test_72.jpg,Three men are posing for a picture. They are all wearing black shirts. The man on the left is holding a video game controller. The man in the middle is holding his hand to his chin. The man on the right is holding a video game controller.
test_73.jpg,Man in wetsuit holding surfboard on dock surrounded by black squares.
test_74.jpg,A bathroom with a large shower and a large vanity with a sink.
test_75.jpg,A person walking down a city street holding an umbrella.
test_76.jpg,A red and white bus is parked in front of a large green crane.
test_77.jpg,A bathroom with a toilet and a sink.
test_78.jpg,A person is feeding a pigeon on the left side of the image. The pigeon is eating from the person's hand. There are many other pigeons in the background.
test_79.jpg,A toddler is sleeping on a mattress on the floor next to a bunk bed.
test_80.jpg,A garden with a topiary of a dog in the center.
test_81.jpg,"A young child is standing on a snowy hill wearing a yellow jacket, black pants, and a helmet."
test_82.jpg,A field of grass and cows with a lake in the background.
test_83.jpg,A hand is using a computer mouse over a white keyboard.
test_84.jpg,A yellow fire hydrant is on the sidewalk in front of a brick building.
test_85.jpg,Two giraffes stand in front of a leafy green backdrop.
test_86.jpg,A truck is parked next to a pile of oranges.
test_87.jpg,A black and white photo of a train with the number 32670 on the front.
test_88.jpg,Kitchen with red and white checkered tile backsplash.
test_89.jpg,Surfer riding wave with black squares in background.
test_90.jpg,A man surfing in the ocean with a large wave.
test_91.jpg,A boy holds a large orange balloon and a rainbow kite in a field.
test_92.jpg,"A chain link fence with barbed wire at the top is in the background. There is a street light in the distance. There is a sign on the street light that says ""No Parking"". There is a white microwave on the ground. There is a piece of trash on the ground. There are black squares all over the image."
test_93.jpg,A blue car with a surfboard on the roof rack is parked in a parking lot.
test_94.jpg,"A close-up of a vintage typewriter with the keys W, E, R, T, U, O, and a QWERTY layout."
test_95.jpg,A view of a lake and a building with a large number of black squares in the foreground.
test_96.jpg,A yellow and gray train sits on a track.
test_97.jpg,Man sits on beach with surfboards and beer.
test_98.jpg,A woman is driving a beige car with a small dog in the front seat.
test_99.jpg,A slice of pizza with olives and peppers sits on a green plate with a salad of cabbage and onions.
test_100.jpg,A puggle wearing a red heart tie is sitting on a couch.
test_101.jpg,A small white and red airplane sits on the edge of the water.
test_102.jpg,A woman is petting a dog on a bench.
test_103.jpg,A tennis player stands on a red court with a large Wilson racquet in the foreground.
test_104.jpg,A girl is standing on a beach and there is a kite in the sky.
test_105.jpg,A yellow train engine sits on a track in front of a building.
test_106.jpg,Two full lunch containers and one container with a side of hot dog topping.
test_107.jpg,A woman in a white tennis outfit is playing tennis on a grass court.
test_108.jpg,A plate of food that includes carrots and peppers.
test_109.jpg,A train is crossing a bridge.
test_110.jpg,A man sits on a bench at a train station. He is wearing a hat and a vest. He is looking at something in front of him. There are two suitcases on the bench next to him.
test_111.jpg,A man holding a phone to his ear with a painted on face and a red and white scarf around his neck.
test_112.jpg,Train with number 7615 on it is on a track.
test_113.jpg,A park bench is in the foreground of this night time shot. Behind the bench is a white van parked in a driveway. In the background are several houses and trees.
test_114.jpg,A baseball player is swinging his bat at the ball.
test_115.jpg,A snowboarder is jumping over a half pipe.
test_116.jpg,A side by side of a tennis player.
test_117.jpg,A tennis court with 4 people on it.
test_118.jpg,A messy bedroom with a person standing in the middle of it.
test_119.jpg,"The image is a composite of two photographs, each showing a different scene. The first photograph is of a group of people standing on a balcony overlooking a river. The second photograph is of a group of elephants standing on a rocky shore.

The first photograph shows a group of people standing on a balcony overlooking a river. The balcony is made of wood and has a blue tarp on the left side. The people are standing in a group, and some of them are wearing hats. The river is wide and has a lot of water flowing in it. The river is surrounded by trees and plants.

The second photograph shows a group of elephants standing on a rocky shore. The elephants are all different sizes and colors. The elephants are standing in a group, and some of them are eating. The shore is made of rocks and sand. The water is flowing in the background.

The two photographs are combined in a way that creates a sense of contrast between the two scenes. The"
test_120.jpg,A boy is jumping in the air in front of a fence.
test_121.jpg,A woman is talking on the phone in front of a crowd of people.
test_122.jpg,A lifeboat is being lowered into the water.
test_123.jpg,A bald man with a beard is holding a knife and looking at a plate of food.
test_124.jpg,A black and white photo of a parking meter in the middle of a street with cars parked behind it.
test_125.jpg,A field of pink cherry blossoms with a blue sky and white clouds in the background.
test_126.jpg,A photo of an aerial view of a city with a wing of a plane in the bottom left corner.
test_127.jpg,"Plate of food including a hot dog, chili beans, and a juice box."
test_128.jpg,A group of people are on a beach with a camel.
test_129.jpg,Giraffe in a grassy field with black squares all around it.
test_130.jpg,"A night view of a small shrine or temple with a red door. The shrine is covered with various items, including a red umbrella, a lantern, and some other objects. The door is open, and there are some signs on the door and the surrounding area. The shrine is located in a dark area, and the only light comes from the streetlights."
test_131.jpg,A skier is sitting on a snowy mountain. The skier is wearing a black jacket and pants. The skier is sitting on a pair of skis. The skier is holding a laptop. The skier is looking at the laptop. The skier is sitting in front of a ski lift. The ski lift is in the background. The skier is sitting on a snow-covered mountain. The mountain is in the background. The sun is shining in the background. The sun is in the top right corner. The sky is in the background. The sky is blue.
test_132.jpg,A man stands at a train station with a bicycle waiting for the train.
test_133.jpg,A child's hand is on a laptop keyboard.
test_134.jpg,Two orange cats sleeping on a blue blanket with a red and white Santa hat on top of them.
test_135.jpg,A chicken with a red head and a pink body is standing on a bed of straw.
test_136.jpg,A blue vintage car is parked in a garden with a surfboard on its roof.
test_137.jpg,A couple cutting a three layer cake decorated with roses.
test_138.jpg,No.
test_139.jpg,A tennis player stands on the court in front of a large crowd.
test_140.jpg,A kitchen with wood cabinets and a pink bowl of vegetables.
test_141.jpg,Girl with blonde hair and white shirt holding a tennis racket.
test_142.jpg,Five people are standing on a beach holding surfboards.
test_143.jpg,An empty apartment with a large window and a refrigerator.
test_144.jpg,A variety of chocolate donuts and cupcakes are displayed on a pink doily.
test_145.jpg,"Several different types of food are displayed on a table including apples, oranges, and a variety of other fruits and vegetables."
test_146.jpg,A baseball player named Hughes stands at the plate.
test_147.jpg,A man snowboarding in front of a brick wall.
test_148.jpg,A stop sign with a bicycle behind it.
test_149.jpg,"A group of elephants in a zoo enclosure. The elephants are all gray and wrinkled, and the one in the middle is smaller than the others. The elephants are standing in a group, and the one in the middle is facing the camera. The background of the image is green and shows trees and bushes."
test_150.jpg,A black cat is laying on a silver macbook. The cat is facing the left of the image and has its mouth wide open. There is a book case to the right of the cat.
test_151.jpg,Two women are sitting on a bench in a train station. A little boy is standing in front of them.
test_152.jpg,A man stands in front of a large building with a North Korean flag on top.
test_153.jpg,A fire hydrant in front of a house.
test_154.jpg,A large stone building with two clocks on the tower has a blue flag flying from the top.
test_155.jpg,A table full of food has a blue tablecloth. On the table are two trays of food. One tray has a variety of snacks and the other tray has a variety of cheeses and fruit. There are also some plastic cups of food on the table.
test_156.jpg,A man and a child blow out candles on a birthday cake.
test_157.jpg,A zebra stands in front of a green background with black squares.
test_158.jpg,A baseball game is underway. The batter is wearing number 12.
test_159.jpg,"A long line of fire trucks with the word ""Chicago"" on the side."
test_160.jpg,Laptop with standards next on screen.
test_161.jpg,A red duck toothbrush holder holds four toothbrushes.
test_162.jpg,Man feeding giraffes through chain link fence.
test_163.jpg,"A clock with the time set to 10:45. The clock is on a sign that says ""Orioles"" at the top and ""Salt More"" at the bottom."
test_164.jpg,A man is skateboarding in the air.
test_165.jpg,A young woman sits on a brick wall outdoors.
test_166.jpg,A man in an orange jacket is walking down a brick sidewalk.
test_167.jpg,A United Express airplane is parked on the runway.
test_168.jpg,A tall clock tower stands in the middle of a town square. The clock tower is made of stone and has a large clock on its face. The clock shows that it is 3:00. There is a bird flying in the sky above the clock tower. The bird is black and has a long tail. The sky is cloudy and there are some trees in the background.
test_169.jpg,A sign for a pub and a sign for a school.
test_170.jpg,A large bus station with a sign that says Bus Stand Mukenian above the entrance.
test_171.jpg,A close up of a black bear's face is in the foreground. The bear's fur is black and the background is green.
test_172.jpg,A woman in a pink and blue Ford shirt is carrying a surfboard out of the water.
test_173.jpg,A girl in a red sweatshirt walking down a school bus lane.
test_174.jpg,A cake that is shaped like a hockey stick and has the year 2013 on it.
test_175.jpg,A produce market with a man in a white apron standing in the center. There are several people in the background. There are many fruits and vegetables on display.
test_176.jpg,A group of people are sitting at a table having breakfast.
test_177.jpg,A sign for the Playhouse Yard is on a brick wall.
test_178.jpg,A group of men pose for a picture at Disneyland.
test_179.jpg,A woman is lying on her side with her chin resting on her hand and she is smiling at a small teddy bear that is sitting in front of her. The teddy bear is sitting on a red surface.
test_180.jpg,A beach with many people on it.
test_181.jpg,A man doll in a suit stands in a living room.
test_182.jpg,A red fire hydrant sits in a grassy area in front of a wooden fence.
test_183.jpg,"The interior of a vehicle with two sinks, two mirrors, and a lot of black squares."
test_184.jpg,"A cubicle office with a computer, keyboard, mouse, and other office supplies."
test_185.jpg,"A double decker bus with the words ""First"" on the front and ""SORRY NOT IN SERVICE"" on the front window."
test_186.jpg,Large rocks with painted stop and no sign on them.
test_187.jpg,A clock tower is in front of a building.
test_188.jpg,Tennis player playing tennis with a tennis racket.
test_189.jpg,Two dogs are running in the water at the beach.
test_190.jpg,A yellow traffic light hangs from a wire in front of a blue sky.
test_191.jpg,A sandwich wrapped in paper sits on a table.
test_192.jpg,"A bathroom with a black and white checkered floor, a toilet, a bathtub, a shower curtain, a towel rack, a sink, a mirror, a towel, a shower, a curtain, a stool, a scale, a rug, a soap dispenser, a bottle, a basket, a cabinet, a cabinet door, a cabinet handle, a cabinet shelf, a cabinet top, a cabinet wall, a wall, a window, a curtain, a curtain rod, a light, a light fixture, a mirror, a mirror frame, a towel bar, a towel, a towel bar, a towel bar, a towel bar, a towel bar, a towel bar, a towel bar, a towel bar, a towel bar, a towel bar, a towel bar, a towel bar, a towel bar, a towel bar, a towel bar, a towel bar, a towel bar, a towel bar, a towel bar, a towel bar, a towel bar, a towel"
test_193.jpg,A man and a child are skiing down a snowy slope. The man is wearing a bright yellow jacket and the child is wearing a red jacket.
test_194.jpg,A kitchen with white cabinets and a blue towel hanging on the right side.
test_195.jpg,A busy city street with umbrellas.
test_196.jpg,A large black ship is docked in a harbor. The ship is called the Brunel's Great Britain.
test_197.jpg,"Several pieces of pottery sit on a white shelf against a white brick wall. The shelf is decorated with black square tiles. On the top shelf are two tall, cone-shaped candle holders. The candle holders are brown and tan with green and brown accents. Below the candle holders are several pieces of pottery. There are two square plates, one with a green and brown flower design and the other with a green and yellow flower design. Below the plates are two bowls and two coasters. The bowls are green and yellow with a flower design. The coasters are green and yellow with a flower design."
test_198.jpg,A photo of a group of people on horses riding along a beach.
test_199.jpg,"A stack of books on a bed includes Embroidery Stitches, The Poisonwood Bible, and Complete Guide to Embroidery."
test_200.jpg,A cat is sitting in a bathroom sink. The cat is gray and brown with wide yellow eyes. The cat is looking at the camera. There is a toothbrush and toothpaste on the sink.
test_201.jpg,The interior of a cathedral is shown. The cathedral is very tall and has a very high ceiling. The walls are made of stone and the floor is made of wood. There are many windows and chandeliers. There are people sitting in the pews.
test_202.jpg,A large group of cows are standing in a field.
test_203.jpg,A red and white stop sign is in the foreground. Behind the sign is a street with cars parked on it. In the background is a tree with purple flowers.
test_204.jpg,Man with a white shirt and black shorts is holding a green frisbee.
test_205.jpg,A man is holding a floral umbrella.
test_206.jpg,A woman is sitting at a table in a restaurant. She is holding a remote and looking at it. There is a cup of coffee on the table.
test_207.jpg,"A bathroom with a window, a bathtub, a toilet, and a sink."
test_208.jpg,Round gold pocket watch with Roman numerals on a red and black background.
test_209.jpg,Cows grazing in a lush green pasture with a distant mountain range.
test_210.jpg,A train with ads for barley and moline is on a track.
test_211.jpg,A dog is lying on the floor next to an open laptop.
test_212.jpg,"A yellow double-decker bus with the words ""Trotters Ethnic Tours"" on the side."
test_213.jpg,Black and white photo of a street scene with a red umbrella and a graffitied wall.
test_214.jpg,A tree with a bench under it. There are many people in the background. There is a lake in the background.
test_215.jpg,A baseball player is standing in a batting stance.
test_216.jpg,Bathroom sink with two basins and a mirror.
test_217.jpg,"The image depicts a narrow street scene with a triangular traffic sign prominently displayed in the foreground. The sign features a red border and a white background, with a black silhouette of two people walking in the center. The sign is mounted on a metal post, which is situated in the middle of the street.

To the left of the sign, there is a dark-colored car parked on the street. The car is positioned at a slight angle, facing the street, and its windows are partially visible. The car appears to be a sedan or a compact model, with a sleek design.

On the right side of the image, there is a row of parked bicycles. The bicycles are parked along a narrow sidewalk, which is lined with buildings. The buildings are primarily made of brick, with some having a mix of red and brown tones. The buildings have multiple windows, and some have small balconies or terraces.

The sky in the background is clear, with a few clouds"
test_218.jpg,A market with a variety of vegetables and meat.
test_219.jpg,A surfer is in the water with a surfboard.
test_220.jpg,A red truck with graffiti on the side of it is parked on a street.
test_221.jpg,Three people are sitting at a table playing video games.
test_222.jpg,A man in a yellow raincoat is walking down the street.
test_223.jpg,A man is walking on the beach with a surfboard.
test_224.jpg,"A wooden table is covered with a variety of food including bread, fruit, and vegetables."
test_225.jpg,A black cat lying on a desk in front of a computer.
test_226.jpg,"A living room with a couch, coffee table, rug, curtains, fireplace, and a sliding glass door."
test_227.jpg,A large black airplane is flying through a cloudy sky.
test_228.jpg,A bridge over a river with a train on it.
test_229.jpg,A baseball player wearing a white uniform with the word SPARTANS on the front is throwing a ball.
test_230.jpg,A book is laying on a bed. The book is purple and has a picture of a woman on the cover. The woman has a black piece of paper over her face.
test_231.jpg,Three elephants are in the water. The elephants are gray. The water is blue. The sky is blue.
test_232.jpg,A close up of a bottle of Brewers Special Reserve beer.
test_233.jpg,A pair of zebras are walking through a grassy field. The zebras are black and white stripes. The background is a blur of black squares.
test_234.jpg,A group of zebras graze in a grassy field with a mountain range in the background.
test_235.jpg,A bathroom sink with a red bottle of hand soap on it.
test_236.jpg,Photograph of a park with a statue in the background and a man in a black shirt with the number 23 on the back.
test_237.jpg,A group of people playing frisbee in a park.
test_238.jpg,A tennis court with a few people sitting in the stands.
test_239.jpg,"In this image, there are several people riding on elephants. The elephants are walking on a dirt path in a lush green field. The people are wearing casual clothes and are riding on the elephants' backs. The elephants are walking in a line, and the people are riding in a line behind them. The background of the image is a mountain range, and the sky is blue with some clouds."
test_240.jpg,A market on a floating dock. There are several boats on the water. The boats are filled with various goods. There are people in the boats. There is a man wearing a straw hat.
test_241.jpg,A sign on a pole that says have you paid?
test_242.jpg,A bird is perched on a rock.
test_243.jpg,"A messy table is covered in food and drink. There are 3 full cups of coffee, 2 half full cups of coffee, 1 full cup of tea, 1 half full cup of tea, 1 full glass of water, 1 half full glass of water, 1 full plate of food, 1 half full plate of food, 1 full bowl of food, 1 half full bowl of food, 1 full plate of eggs, 1 half full plate of eggs, 1 full plate of pancakes, 1 half full plate of pancakes, 1 full plate of waffles, 1 half full plate of waffles, 1 full plate of french toast, 1 half full plate of french toast, 1 full plate of oatmeal, 1 half full plate of oatmeal, 1 full plate of scrambled eggs, 1 half full plate of scrambled eggs, 1 full plate of eggs benedict, 1 half full plate"
test_244.jpg,An elephant is walking through a forest.
test_245.jpg,A man is eating a meal at a restaurant.
test_246.jpg,A cat is sitting on the floor next to a ball.
test_247.jpg,A cat is drinking from a cup with the word Arnotts on it.
test_248.jpg,Skier in snow surrounded by black squares.
test_249.jpg,A skier is walking down a snowy mountain.
test_250.jpg,A giraffe is partially obscured by black squares in the foreground.
test_251.jpg,A clock tower with two clocks on it.
test_252.jpg,A laptop sits on a bed with a painting on the wall behind it.
test_253.jpg,A skateboarder is jumping over a ramp.
test_254.jpg,Snowboarders jumping in the air.
test_255.jpg,A man is cutting a cake that says Happy Birthday on it.
test_256.jpg,A black steam locomotive with the number 99 37-3 on the front.
test_257.jpg,A kitchen with unfinished cabinets and a dishwasher.
test_258.jpg,A little girl is sitting on a parking meter in front of a car.
test_259.jpg,A black motorcycle is parked in a parking lot. The motorcycle is a BMW.
test_260.jpg,"A tall, six-tiered cake is on a table covered with a gold tablecloth. The cake is decorated with white and gold ribbon and red and yellow flower petals."
test_261.jpg,A woman is walking on the sidewalk next to a red fire hydrant.
test_262.jpg,A street corner with a sign for Sav-On Flooring.
test_263.jpg,A surfer rides a wave in the ocean.
test_264.jpg,Baseball game with player at home plate and catcher behind him. Man in blue shirt is standing in front of home plate. Man in black is behind home plate. Man in black is standing behind batter. Man in black is standing behind catcher. Man in black is standing behind batter. Man in black is standing behind catcher. Man in black is standing behind batter. Man in black is standing behind catcher. Man in black is standing behind batter. Man in black is standing behind catcher. Man in black is standing behind batter. Man in black is standing behind catcher. Man in black is standing behind batter. Man in black is standing behind catcher. Man in black is standing behind batter. Man in black is standing behind catcher. Man in black is standing behind batter. Man in black is standing behind catcher. Man in black is standing behind batter. Man in black is standing behind catcher. Man in black is standing behind batter. Man in black is standing behind
test_265.jpg,"A plate of vegetables and dip is on a table. The plate is blue and has a pattern of yellow, red, and green. The vegetables are arranged in a circle around the plate. There is a bowl of dip in the center of the plate. The vegetables include broccoli, carrots, and celery. The knife is on the left side of the plate."
test_266.jpg,"A man in a black hat and jacket is standing on a snowy hill. He is watching a young boy in a green jacket and black pants skiing down the hill. The boy is wearing a helmet and is holding a pair of skis. There are other people standing on the hill, watching the boy ski."
test_267.jpg,A cat sitting on a toilet seat next to another cat looking at it.
test_268.jpg,A large airplane is flying over a foggy airport.
test_269.jpg,A man and woman are walking in the snow. The sun is shining through the clouds.
test_270.jpg,A boat with benches on it is on the water. There is a bridge in the background.
test_271.jpg,A man is throwing a yellow frisbee in a field.
test_272.jpg,A train car is covered in graffiti.
test_273.jpg,Two female tennis players are playing on a grass court.
test_274.jpg,"A desk with a laptop, keyboard, mouse, printer, and other office supplies."
test_275.jpg,A group of people pose for a picture on a tennis court.
test_276.jpg,Three seagulls are perched on a wooden railing against a blue sky.
test_277.jpg,A bike is locked to a bike rack in front of a bus.
test_278.jpg,A black car door with a blue bird on it.
test_279.jpg,A red barn with a grey roof is in the middle of a field.
test_280.jpg,A bench sits in the middle of a stone plaza with the ocean in the background. The ocean is a deep blue color and the sky is clear with a few black squares in the background.
test_281.jpg,Two trains sit on tracks at a station.
test_282.jpg,Frisbee player in a red shirt and black pants is throwing a frisbee.
test_283.jpg,A brick wall with a sign that says Copper Alley.
test_284.jpg,A skier is skiing down a snowy hill.
test_285.jpg,A street sign with the address 131 and 132 on it.
test_286.jpg,A woman and a man are sitting in a chair in a zoo. The woman is holding a bear. The bear is sitting on the woman's lap. The man is sitting next to the woman. The bear is black. The woman is wearing a blue shirt. The man is wearing a pink shirt. The background is a chain link fence.
test_287.jpg,A black and white photo of a baseball team.
test_288.jpg,Air canada plane with a maple leaf on the tail flying in the sky.
test_289.jpg,A group of people dressed in period clothing are posing in a large indoor train station.
test_290.jpg,A black and white photo of birds in the water.
test_291.jpg,A kitchen with a red chili plant in a pink container on the counter.
test_292.jpg,Two men are playing frisbee in front of a house.
test_293.jpg,A gray cat is sitting on top of a Samsung TV.
test_294.jpg,A cowboy is roping a steer in a rodeo.
test_295.jpg,"Four people are on a bike with a man in a white shirt and the others in yellow, red, and blue."
test_296.jpg,A still life of a pomegranate and apple on a wooden table.
test_297.jpg,A little girl is eating a slice of pizza.
test_298.jpg,A park bench sits in front of a field of red flowers with a double decker bus in the background.
test_299.jpg,A black and white photograph of a skateboarder jumping over a skateboard. The skateboarder is in mid-air with his arms outstretched. The background is a cityscape with buildings and a street sign. The skateboarder is wearing a white shirt and dark pants. The skateboard is white and black. The street sign is black and white. The buildings are made of brick and glass. The street is made of asphalt. The image is in a vintage style.
test_300.jpg,A red airplane flies through the sky.
test_301.jpg,A man wearing a blue shirt and jean overalls is standing in front of a white refrigerator.
test_302.jpg,A woman is training a dog in the backyard.
test_303.jpg,A child is eating a slice of pizza.
test_304.jpg,A skateboarder jumps over a skateboard in the street.
test_305.jpg,A man is fishing in the ocean and a man is flying a kite.
test_306.jpg,A young girl with a grey hat on is eating a cupcake.
test_307.jpg,A silver airplane is in the center of the picture.
test_308.jpg,Surfboard on top of black pickup truck in parking lot.
test_309.jpg,A man surfing in the ocean is partially obscured by a series of black squares.
test_310.jpg,A man in a fancy outfit is posing with a bear.
test_311.jpg,A red fire hydrant is surrounded by green bushes.
test_312.jpg,"A group of people are sitting around a table eating a meal. There is a pizza, salad, and french fries on the table."
test_313.jpg,A motorcycle with the word police on the front of it is being ridden by a man.
test_314.jpg,Man on motorcycle holding American flag.
test_315.jpg,A long shot of a vintage bomber plane.
test_316.jpg,A man is working outside.
test_317.jpg,A black and white photo of a train with trees in the background.
test_318.jpg,Black leather chair in front of a red wall with a lamp on the desk.
test_319.jpg,A brown cow stands behind a wooden fence in a field. The cow is looking at the camera. The background is a blur of green trees and blue sky.
test_320.jpg,A street sign that says Parson Street is in front of a building.
test_321.jpg,Two quail birds are standing on a sidewalk in front of a tall green grassy field.
test_322.jpg,Two zebras stand in tall grass field looking up at something.
test_323.jpg,A full length mirror is propped up against a wall next to a bed.
test_324.jpg,A red train is on the tracks in the station.
test_325.jpg,A close up of a cat looking out the window of a car.
test_326.jpg,A man is eating a salad and pizza at a restaurant.
test_327.jpg,A man is cutting a birthday cake for a woman.
test_328.jpg,A plastic bag of hot dogs sits on a white surface.
test_329.jpg,A bathroom under construction with a bathtub in the center.
test_330.jpg,Skateboarder in black pants and green socks rides on a sidewalk.
test_331.jpg,Polar bear in water with black squares all around.
test_332.jpg,A sheep is standing in front of a bicycle.
test_333.jpg,A faded photograph of three children standing in front of a house. The child on the left is holding a red baseball bat. The child in the middle is holding a white baseball. The child on the right is holding a baseball bat.
test_334.jpg,"A woman is sitting on a chair on a patio. She is wearing a brown sleeveless top, white shorts, and glasses. She is holding a phone. There is a plate and a black bag on the table."
test_335.jpg,The large outdoor swimming pool is surrounded by a fence and has several people in it. The pool is surrounded by trees and a few tables with people sitting at them.
test_336.jpg,A stop sign is in the center of the picture.
test_337.jpg,The inside of a kitchen with stainless steel refrigerators and cabinets.
test_338.jpg,Two children are standing on a snowy mountain.
test_339.jpg,A WW2 era bomber plane is flying through the sky.
test_340.jpg,A black and white cat is sniffing the air.
test_341.jpg,A lake with colorful kayaks and a stone wall in the background.
test_342.jpg,A group of elephants are drinking water in a grassy field.
test_343.jpg,Man in mirror with tie and glasses.
test_344.jpg,Woman eating hot dog in front of a building.
test_345.jpg,A hot dog with a pickle on top is on a napkin.
test_346.jpg,A bathroom sink is on a brown mat.
test_347.jpg,A black motorcycle rider is going down a road. The rider is wearing a red helmet. There are people standing on the side of the road watching the rider.
test_348.jpg,Skateboarder in mid air.
test_349.jpg,A man driving a covered wagon with two horses.
test_350.jpg,A white cat sits on the hood of a car.
test_351.jpg,Woman talking on cell phone with black hat and scarf.
test_352.jpg,A woman standing on a subway platform is looking at her phone. A train is passing by.
test_353.jpg,Elephant walking through a zoo with giraffes and zebras in the background.
test_354.jpg,"A clock tower stands tall in a park. The tower is made of stone and has a square base. The tower is topped with a weather vane and a clock. The clock has two faces, one on the left and one on the right. The clock hands are pointing to the 12 and the 6. The sky is cloudy and there are trees in the background."
test_355.jpg,A woman in a yellow jacket stands on a snowy mountain. She is looking down the slope. There are other skiers in the background.
test_356.jpg,A bed is covered with a colorful quilt. The quilt is made up of many different colored squares. The squares are arranged in a pattern. The quilt is also decorated with some small pictures.
test_357.jpg,A man sits on a snowy mountain overlooking a rugged mountain range.
test_358.jpg,A plate of waffles with a bottle of syrup next to it.
test_359.jpg,"A blue pedestrian crossing sign is in the foreground on the left, and a red stop sign is on the right."
test_360.jpg,Snowy street scene with cars and traffic lights.
test_361.jpg,"A Wusthof knife is on a wooden cutting board with broccoli, red onions, and orange carrots."
test_362.jpg,A person petting a sheep in a pen full of hay.
test_363.jpg,A red and cream colored tram is on a track going down a mountain. There is another red and cream colored tram going up the mountain.
test_364.jpg,Man carrying red bag next to train.
test_365.jpg,"A messy kitchen with a toaster, coffee maker, and refrigerator."
test_366.jpg,Two people snowshoeing down a snowy path in the woods.
test_367.jpg,A woman in a blue dress is dancing at a party and a man in a purple shirt is watching her.
test_368.jpg,A stone church with a red roof and a clock tower has a black square pattern over it.
test_369.jpg,A row of benches on a sidewalk.
test_370.jpg,A bathroom with a toilet and a sink.
test_371.jpg,A cup of tea and a pair of glasses on a desk with papers and a pen.
test_372.jpg,A black and white photo of a train traveling through a forest.
test_373.jpg,A bowl of yogurt and blueberries is on a table.
test_374.jpg,A skier is on a snowy hill.
test_375.jpg,A curved blue bench sits on a dirt patch near a tree and a boat.
test_376.jpg,"A messy desk with a keyboard, mouse, and other office supplies."
test_377.jpg,A kite flies above a tall building with a Capital Land sign on it.
test_378.jpg,A blue bird is perched on a wooden post in front of a corn cob.
test_379.jpg,"A pizza with tomatoes, mozzarella, and basil on a plate."
test_380.jpg,A couple walking in the rain under a transparent umbrella.
test_381.jpg,A girl is sitting on a bench with a teddy bear.
test_382.jpg,A black steam train is on a track.
test_383.jpg,Man shaving his face in bathroom with mirror in frame.
test_384.jpg,A dog with an elephant stuffed animal on its back.
test_385.jpg,A man and a boy are walking into the ocean. The man is carrying a blue surfboard under his arm.
test_386.jpg,A traffic sign that says do not stop on tracks is in the middle of the picture.
test_387.jpg,Two people playing tennis on a court with a house in the background.
test_388.jpg,A black and white photo of a kitchen with 4 women in it.
test_389.jpg,"A busy street scene in a city, with a large number of motorbikes parked and parked. The motorbikes are parked in a haphazard manner, with some parked on the side of the road and others parked in a parking area. The street is crowded with people, with many people standing around the motorbikes, some of whom are wearing traditional Vietnamese clothing. The people are standing in various poses, some are talking to each other, some are looking at the motorbikes, and some are just standing around. The background of the image is a building with a sign on it, and there are some trees in the distance. The image is in black and white, and the style is documentary photography."
test_390.jpg,A sandwich with a knife stuck in it.
test_391.jpg,A tennis player is in mid swing of hitting a tennis ball.
test_392.jpg,A red and yellow train is on a track surrounded by trees.
test_393.jpg,A close up of a sandwich with lettuce and tomato on top.
test_394.jpg,A hawk stands on a black fence in front of a green field.
test_395.jpg,A jet flies through the sky with a blue sky and white clouds in the background.
test_396.jpg,Man holding plaque in front of motorcycle.
test_397.jpg,Skateboarder in mirror.
test_398.jpg,"A close up of a tall, gray, concrete tower with two clocks on it."
test_399.jpg,A slice of pizza sits on a napkin next to a bottle of Stella Artois beer.
test_400.jpg,A large brown and white osprey is perched on a branch. The osprey is holding a fish in its talons.
test_401.jpg,A row of boats with oars in a river with a building in the background.
test_402.jpg,A dog is jumping out of a pool with a crowd of people watching.
test_403.jpg,"A bathroom with a shower curtain, sink, and mirror."
test_404.jpg,A group of men are sitting at a table in a restaurant.
test_405.jpg,A plate of spaghetti and meatballs is on a table. The plate is white and the meatballs are brown. The spaghetti is tan and the sauce is green. There is a bowl of carrots on the table.
test_406.jpg,Toilets with plants growing out of them.
test_407.jpg,A train with a blue and red exterior is at a train station.
test_408.jpg,"A group of people are on a frozen lake. In the background, there are trees and a cloudy sky. There is a kite flying in the sky."
test_409.jpg,Black and white bathroom with toilet and sink.
test_410.jpg,A red and yellow train is parked at a train station.
test_411.jpg,Man on skateboard with a large bandage on his knee.
test_412.jpg,A cowboy is herding cattle on a road.
test_413.jpg,Man in bathroom with yellow trash can and couch.
test_414.jpg,"A large orange Alliied delivery truck is parked in a snowy driveway. The truck is covered in snow and has a large red and white sign on the side that says ""Alliied"". The truck is parked in front of a brick house."
test_415.jpg,A computer desk with a laptop and two monitors.
test_416.jpg,A giraffe is standing in a zoo enclosure. The giraffe is standing in the middle of the image. There are two other giraffes standing behind the first giraffe. There is a small giraffe standing in front of the first giraffe. There are trees and bushes in the background. There is a fence in the foreground.
test_417.jpg,Three people are drinking wine and one of them has glasses in her mouth.
test_418.jpg,Man in white tank top and jeans is jumping over skateboard in skate park.
test_419.jpg,Two white plastic chairs face each other on a small patio outside of a brick house.
test_420.jpg,A red motorcycle is parked on the sidewalk in front of a bench.
test_421.jpg,A surfer rides a wave in the ocean.
test_422.jpg,A man playing tennis in a tropical setting.
test_423.jpg,An old stuffed animal sits on a window sill.
test_424.jpg,A train is on the tracks in front of a station.
test_425.jpg,Man wearing tie with tiger on it stands in front of a photo booth.
test_426.jpg,A boat with a few seagulls sitting in it.
test_427.jpg,A skateboarder is jumping in the air while doing a trick.
test_428.jpg,"A blonde woman in a blue sweater and black boots is standing next to a man wearing a colorful costume. The man is carrying a suitcase that says ""Dinner and a Show"" on the side. The woman is looking at the man. There are other people in the background."
test_429.jpg,A woman walks down the fairway with a yellow flag behind her.
test_430.jpg,A man in a white shirt and grey shorts is skateboarding on a concrete path. He has a blue bandana on his head and is wearing knee pads and elbow pads. He is holding his arms out in front of him and has a determined look on his face. There are several skateboards on the ground near him. The background is a blur of green trees and the sky.
test_431.jpg,Four men are posing for a picture on a tennis court.
test_432.jpg,A blue and silver BMW motorcycle is parked in a parking lot.
test_433.jpg,A train is on the tracks in front of a town.
test_434.jpg,Toilet seat with ice cubes in it.
test_435.jpg,A woman in a white dress is standing in front of a boat.
test_436.jpg,A red fire hydrant is in the middle of a parking lot.
test_437.jpg,A group of people are sitting at a table outside having lunch.
test_438.jpg,"A white bus with a red sign on the side that says ""OP"" is stopped on the street. There are several bikes parked along the sidewalk in front of the bus."
test_439.jpg,A black and white photo shows a car with a camera loaded in the front.
test_440.jpg,A blue laptop sits on a white pedestal in front of a glass aquarium.
test_441.jpg,Baseball player in catcher's stance with black squares in background.
test_442.jpg,A bathroom with a blue wall and a white sink.
test_443.jpg,A blue Author bicycle is on the floor with a bunch of shoes and a wall behind it.
test_444.jpg,A blue colander with bananas and peaches in it.
test_445.jpg,A cat sits on a stool next to a dog who is looking out the window.
test_446.jpg,Two people playing frisbee in snow.
test_447.jpg,An elephant is walking through a forest.
test_448.jpg,"A large outdoor area with a large open field in the foreground. In the background, there is a city with many tall buildings. There are a few people standing in the field. There are a few kites flying in the sky."
test_449.jpg,A large snow pile with a yellow sign on top of it. There are several people on the snow and a building in the background.
test_450.jpg,A man in white ski gear is holding a ski pole.
test_451.jpg,"A night scene of a crowded street with many people holding umbrellas. The street is lit by streetlights and the buildings are lit by the lights inside them. There are a few signs visible, including one that says ""Dance"" and another that says ""Stop"". The people are all dressed in different ways, and some of them are carrying umbrellas. The image is very colorful and busy."
test_452.jpg,A living room with three people playing video games.
test_453.jpg,Skier in red jacket stands on snowy mountain.
test_454.jpg,A model train is on a track and there are other model trains around it.
test_455.jpg,Two zebras are standing in a zoo enclosure.
test_456.jpg,A bus with the number 44 on the front.
test_457.jpg,A green clock with black numbers hangs from a building.
test_458.jpg,A zebra stands next to a tree in a zoo.
test_459.jpg,A fisheye image of a bus shows a group of people walking down the aisle.
test_460.jpg,"A snowboarder is riding down a snowy slope. The snowboarder is wearing a red, yellow, and blue jacket. The snowboarder is surrounded by black squares."
test_461.jpg,A man and woman are feeding a giraffe through a fence. The giraffe is very tall and has a long neck. The man is wearing a blue shirt and the woman is wearing a black shirt. The giraffe is eating the food that the man is holding. The background is a park with trees and a blue sky.
test_462.jpg,A black and white cat is sitting on a white sink in a bathroom. The cat is looking down at the toilet. There is a red toilet seat on the toilet. There is a mirror above the sink. There are colorful polka dots on the wall.
test_463.jpg,A black Ford pickup truck is parked in a parking lot. The truck has a camper attached to the bed of the truck.
test_464.jpg,Clock on a building with a blue face.
test_465.jpg,"A slice of pizza with spinach, red onions, and olives on a white plate."
test_466.jpg,A fruit display at a market with oranges and apples.
test_467.jpg,A man and a woman are posing for a picture. The man is wearing a tuxedo and the woman is wearing a black dress. The man has a smile on his face and the woman is smiling.
test_468.jpg,A baseball player stands on the pitcher's mound while another player stands in the outfield.
test_469.jpg,Man holding tennis racket in front of green and red wall.
test_470.jpg,A sheep is standing in front of a group of sheep.
test_471.jpg,Man is eating pizza with tongs.
test_472.jpg,A red fire truck is parked on the street in front of a building.
test_473.jpg,A busy street at sunset with a broken glass effect.
test_474.jpg,A street scene with a man riding a bike in the middle of the street.
test_475.jpg,Two sheep stand on a grassy field.
test_476.jpg,Giraffe with smaller one in green field with trees in background.
test_477.jpg,A green train with black wheels and a black front is on a track.
test_478.jpg,A street sign that says E. Main St. is in front of a building.
test_479.jpg,A view of a crowded beach from above shows two docks with people on them.
test_480.jpg,Bathroom with white fixtures and blue rug.
test_481.jpg,A ginger cat is on the floor next to a pair of black shoes.
test_482.jpg,A man surfing on a surfboard in the ocean.
test_483.jpg,A blue plate with a smiley face made of oranges and a banana.
test_484.jpg,A tin can with a bouquet of flowers in it.
test_485.jpg,A white airplane with red and blue stripes and the words Air Atlantis on the side is parked on a runway.
test_486.jpg,"A bedroom with a bed, nightstand, lamp, dresser, window, mirror, and picture."
test_487.jpg,A black and white photograph of a line of elephants with a man standing in front of them.
test_488.jpg,Two boys are hugging on a beach.
test_489.jpg,Two trains are displayed in a museum.
test_490.jpg,A woman in a wedding dress stands in front of a cake.
test_491.jpg,A green scissor is on the table next to some wheat.
test_492.jpg,A black bear is in the woods.
test_493.jpg,A young girl in a red dress is skateboarding.
test_494.jpg,A truck with a sign on the side that says Anggu.
test_495.jpg,A group of zebras stand in a tall green field.
test_496.jpg,A reflection of a cathedral is seen in a window.
test_497.jpg,A snowboarder in bright green pants and a camouflage jacket is snowboarding down a snowy mountain.
test_498.jpg,"A man is jumping in the air while skiing. He is wearing a black jacket, green pants, and a white helmet. He is holding a pair of skis in his hands. The background is blue with black squares."
test_499.jpg,A snowboarder jumps over a snowy hill.
test_500.jpg,A man is standing on a snowy mountain next to a sign that says Superstar.
test_501.jpg,A white wii console and a white wii remote on a round table.
test_502.jpg,"A room with two laptops on a table, a microphone, a keyboard, a mouse, a laptop, a screen, a chair, a rug, a bottle, a piece of bread, a piece of paper, a speaker, a cord, a picture frame, a window, a door, a wall, a floor, a table, a chair, a rug, a piece of paper, a piece of bread, a bottle, a speaker, a cord, a picture frame, a window, a door, a wall, a floor, a table, a chair, a rug, a piece of paper, a piece of bread, a bottle, a speaker, a cord, a picture frame, a window, a door, a wall, a floor, a table, a chair, a rug, a piece of paper, a piece of bread, a bottle, a speaker, a cord, a picture frame, a window, a door, a wall, a floor, a table,"
test_503.jpg,A man is riding a bull pulling a cart.
test_504.jpg,Two dogs sit in front of a blue barrel and a green wall.
test_505.jpg,A living room with black dots covering the entire space. There are 4 people in the room. There is a window with blinds. There is a coffee table with a book on it. There is a couch with a blue blanket on it. There is a chair with a person sitting in it. There is a person sitting in a chair. There is a person sitting in a chair.
test_506.jpg,A bathroom with a shower and a bathtub. The shower has a curtain. The bathroom has a granite countertop and a sink. There are two mirrors above the sink. There are three lights on the ceiling.
test_507.jpg,Two black bears are walking on a stone surface.
test_508.jpg,Two people in a car with skis in the back.
test_509.jpg,A baseball player sits on a bench with a brown baseball glove on it.
test_510.jpg,Giraffe is in the grass.
test_511.jpg,Skier in red jacket stands on top of ski lift.
test_512.jpg,A street sign that says Wall St. on one side and Broadway on the other.
test_513.jpg,A baseball game is underway behind a chain link fence. The batter is in the middle of swinging his bat. The catcher is standing behind the batter. The umpire is standing behind the catcher.
test_514.jpg,A black and white photo of an old wooden train car with a metal bridge above it.
test_515.jpg,Two people are standing in a snowy field. There is a snowman in the middle of them. There are frisbees scattered around the snowman.
test_516.jpg,Large buffet table with food and Christmas decorations.
test_517.jpg,A woman sitting on a lifeguard chair with a purple umbrella.
test_518.jpg,A snowboarder is jumping off a snowy mountain.
test_519.jpg,A woman in a helmet rides a motorcycle on a road.
test_520.jpg,A man is parasailing over the ocean.
test_521.jpg,Man with beard and curly hair making a silly face in front of a black and white background.
test_522.jpg,A bunch of bananas hangs from a tree.
test_523.jpg,A stop sign is in the middle of a street with palm trees and people walking.
test_524.jpg,Two children are sitting on a bed with an open laptop.
test_525.jpg,A zebra stands in a sandy area with trees in the background.
test_526.jpg,A baseball player with the name Arai and the number 25 is in the middle of a swing.
test_527.jpg,"A bedroom with a bed, chest, and potted plant."
test_528.jpg,Two men are looking at two PDAs.
test_529.jpg,A plane flying in the sky.
test_530.jpg,A blue bus with a spare tire sticking out of the back.
test_531.jpg,A photo of cows standing in front of a hut with a thatched roof.
test_532.jpg,A dog is running in the dirt.
test_533.jpg,A cat is standing in front of a refrigerator.
test_534.jpg,A bathroom with two sinks and a mirror.
test_535.jpg,Skateboarder jumps over ramp in modern building with glass windows.
test_536.jpg,A man surfing on a wave.
test_537.jpg,A photo of an elephant standing in a river.
test_538.jpg,A yellow school bus with the license plate K-2429 is stopped in a parking lot. A group of people are getting off the bus. A man in a red jacket is in the foreground.
test_539.jpg,A black and white cat is standing in front of a door.
test_540.jpg,A giraffe stands in front of a rock wall.
test_541.jpg,"A bathroom with a toilet, sink, and a toilet paper holder."
test_542.jpg,Three elephants in a zoo enclosure with a river in front of them.
test_543.jpg,A busy train station with many people waiting for the train.
test_544.jpg,A small plane with the tail number TF-TLE flies through a grid pattern.
test_545.jpg,A large green head of broccoli sits next to a pile of diced tomatoes on a white cutting board.
test_546.jpg,"The interior of a bedroom is shown with a view of the living room. The living room has a couch, two chairs, a table, and a lamp. The couch is covered with a blanket and has pillows on it. The chairs are both white and have cushions on them. The table is made of wood and has a lamp on it. The lamp is made of metal and has a white shade. The living room has two windows with blue curtains. The windows are covered with white curtains. There is a painting on the wall in the living room. The painting is of a landscape. There is a rug on the floor in the living room. The rug is made of wool."
test_547.jpg,Student sits at computer in dorm room.
test_548.jpg,An advertisement for Gold Seal vinyl shows a bedroom with a green door that is open.
test_549.jpg,A teddy bear sits in front of a wave painting.
test_550.jpg,"Two soccer players are shown in action. The player on the left is wearing a white jersey with the number 8 on the back. He is in a kneeling position, with his right leg extended to kick the ball. The player on the right is wearing a purple jersey with the number 73 on the back. He is in a standing position, with his left leg extended to block the player in white. The background is a blurred crowd of spectators."
test_551.jpg,A baseball game is underway at a stadium.
test_552.jpg,A cow and horse graze on a hillside.
test_553.jpg,A woman is carrying a bunch of bananas on her head. She is standing in front of a house.
test_554.jpg,A young girl in a red tank top and floral shorts is playing frisbee in a backyard.
test_555.jpg,A pair of scissors and three combs on a black mat.
test_556.jpg,"A green tractor is parked in a large fenced pasture. The cows are standing in a line, drinking from a trough. The cows are black and white, and the pasture is green."
test_557.jpg,A group of men posing on the steps of a building.
test_558.jpg,A black and white photo of a skier going down a hill.
test_559.jpg,A boy with a black cat on his chest.
test_560.jpg,A sign for Tomasinio's Ristorante hangs from a metal bracket on a building.
test_561.jpg,"A cluttered office with three computers, two laptops, and a desktop computer."
test_562.jpg,"A man in a red jacket and blue jeans is standing next to a black and silver motorcycle. The motorcycle is parked on a dirt road next to a white line. The man is wearing a black helmet and has a backpack on his back. The motorcycle has a license plate that says ""110"". The background is a green hillside with trees."
test_563.jpg,A train is traveling through a green field.
test_564.jpg,A man surfing on a blue surfboard.
test_565.jpg,A picture of a couple riding bicycles in front of a KFC restaurant.
test_566.jpg,"A group of cyclists are riding down a city street. In the background, there is a large building with a sign that says ""Hamilton Coach Station""."
test_567.jpg,A red truck is driving down a road.
test_568.jpg,A group of people are gathered outside of a building called Doe's.
test_569.jpg,A young boy is brushing his teeth with a blue toothbrush.
test_570.jpg,A giraffe stands in a fenced enclosure.
test_571.jpg,Skier in motion on snowy mountain.
test_572.jpg,A man is riding a red boogie board on a wave.
test_573.jpg,A man rides a bike on a beach with the ocean behind him.
test_574.jpg,A zebra is eating grass.
test_575.jpg,A woman holding a tennis racket stands on a dirt path in front of a wooded area.
test_576.jpg,A hand holding a bunch of bananas.
test_577.jpg,A man and woman are flying a kite on a beach.
test_578.jpg,A girl with a black hoodie on her head.
test_579.jpg,A woman in a red dress is standing at a train station.
test_580.jpg,Two zebras are standing next to each other in a grassy field.
test_581.jpg,A microwave and a toaster oven are on a yellow counter. A poster is on the wall above the counter.
test_582.jpg,A field of green grass and brown cows with a mountain in the background.
test_583.jpg,A group of people are playing wii in a living room.
test_584.jpg,A park bench sits on a path in front of a colorful sculpture.
test_585.jpg,"A beach scene with a dark, cloudy sky and a bright, setting sun."
test_586.jpg,"A yellow sign with black text that reads ""@bjazd"" is attached to a black pole. The sign is in front of a blue sky with white clouds."
test_587.jpg,A beach scene with a yellow kite flying in the sky.
test_588.jpg,A baby elephant stands in front of a larger elephant in a zoo.
test_589.jpg,A tall giraffe is standing in a tall green grassy field. The giraffe is looking to the right of the frame. The background is a forest of green trees.
test_590.jpg,A large propeller plane sits on a runway with a smaller plane parked next to it.
test_591.jpg,A couple is reading a book about biology while lying in bed.
test_592.jpg,"A bathroom with a toilet, sink, and shower. The walls are white and the floor is blue. There is a window with a green curtain."
test_593.jpg,A man in a robe is talking on a cell phone.
test_594.jpg,A skateboarder is riding on a wall with graffiti on it.
test_595.jpg,A man snowboarding down a snowy hill.
test_596.jpg,Train in a park with trees and flowers.
test_597.jpg,A man with glasses and a tie has a black background.
test_598.jpg,A clock tower with a black clock face that says 1:50.
test_599.jpg,Giraffe are standing in a grassy field.
test_600.jpg,Bench sits in front of large rocks.
test_601.jpg,A woman and two children are feeding a baby elephant through a fence at an elephant zoo.
test_602.jpg,Man cooking in kitchen with wood cutting board on stove.
test_603.jpg,A long freight train is traveling down a track.
test_604.jpg,"A living room with a fireplace, rocking chairs, and a small table."
test_605.jpg,A long straight road with a sign showing the way to 216 and 209.
test_606.jpg,A mirror on the floor with a bunch of wooden puzzles in front of it.
test_607.jpg,Two women walking on a sidewalk are partially obscured by a black and white checkerboard pattern.
test_608.jpg,A bowl of food sits on a red table.
test_609.jpg,A young baseball player is getting ready to swing the bat.
test_610.jpg,A stuffed teddy bear sits on a blue table in front of a window.
test_611.jpg,Man cutting cake with knife while others watch.
test_612.jpg,Woman looking at camel outside bus window.
test_613.jpg,Two giraffes in a cage.
test_614.jpg,A child is holding a red and white Wii remote in front of a couch.
test_615.jpg,"A bowl of cereal, an orange, a knife, a cup of coffee, a banana, and an apple."
test_616.jpg,Four people are roller skating down a street.
test_617.jpg,A model train is running through a garden.
test_618.jpg,Two men are playing tennis on a tennis court.
test_619.jpg,A pair of elephants are walking through a zoo enclosure.
test_620.jpg,A photo of a cityscape with a river in the foreground and a bridge in the middle. The sky is orange and the water is reflecting the orange sky. There are trees and buildings in the background.
test_621.jpg,A man sits in front of a window in a restaurant.
test_622.jpg,A black bear is climbing a tree.
test_623.jpg,A bus drives through a busy intersection in front of a sign for Vacaville Premium Outlets.
test_624.jpg,A red fire hydrant is in the foreground of a busy street.
test_625.jpg,"A pizza with red sauce, cheese, onions, and pineapple on a wooden table."
test_626.jpg,The zoo has many giraffes.
test_627.jpg,A boy is riding a bike and a dog is sniffing him.
test_628.jpg,A tower with a clock on it has a blue sky in the background.
test_629.jpg,"A young man is wearing a red shirt with a brown, yellow, and black vest. He is wearing a blue tie and has a tie-die shirt on underneath. He is smiling."
test_630.jpg,A group of people are gathered on a grassy hill. Some are flying kites.
test_631.jpg,A man is flying a kite in front of a city skyline.
test_632.jpg,A plate of fruit with a large slice of watermelon and a slice of orange.
test_633.jpg,Giraffes and zebras in a zoo enclosure.
test_634.jpg,Snowboarder riding over a pipe in a snowy forest.
test_635.jpg,A boy holds a phone in his hand and looks at it.
test_636.jpg,A daffodil bouquet sits in a clear glass vase.
test_637.jpg,A book is open on a bed with a blue and white striped comforter.
test_638.jpg,A baseball pitcher is throwing a pitch.
test_639.jpg,A man is standing in a snowy pen with two horses. The man is wearing a black jacket and holding a shovel. The horses are standing next to each other. There is a bucket and a sign in the pen.
test_640.jpg,A white truck has flipped over on its side on the side of the road. The truck is a Swift brand. There are several people standing around the truck. There are also several other vehicles on the road.
test_641.jpg,A man and a woman are riding a motorcycle down the street. The man is wearing a helmet and the woman is not. The motorcycle is black and purple.
test_642.jpg,A box containing a single donut with a fork.
test_643.jpg,Polar bear in water with black squares covering the face.
test_644.jpg,Air India airplane on tarmac with other planes in background.
test_645.jpg,A small dog is walking down a stone path next to a bicycle.
test_646.jpg,A woman is washing dishes in a kitchen.
test_647.jpg,"A stuffed carrot toy has a tag on it that says ""MASS SHEEP AND WOOLCRAFT FAIR SECOND PLACE""."
test_648.jpg,A busy street with a blue bus and a white bus in the middle of the road. There are people walking on the street and a car parked on the side of the road.
test_649.jpg,Broccoli is on a cutting board and is being cut into florets.
test_650.jpg,Brown and white cow standing in a barn doorway.
test_651.jpg,A group of sheep are running through a field.
test_652.jpg,A boat sits in the water with a small island with green plants in the foreground.
test_653.jpg,A man sitting on a suitcase in an airport terminal reading a newspaper.
test_654.jpg,A woman is sitting at a table with a wine glass and a wine bottle. She is writing on a clipboard.
test_655.jpg,A blue and white umbrella sits on the edge of a pool.
test_656.jpg,A purple kite is flying in a park.
test_657.jpg,A black and white photo shows a parade of horses and carriages with police officers standing in the way.
test_658.jpg,A bottle of water sits on a bench in front of a chain link fence.
test_659.jpg,A train station with a train from East Coast.
test_660.jpg,A Ferris wheel is in the background with a clock tower in the foreground.
test_661.jpg,"A traffic light is on the left side of the image and the sign on the right says ""Ortgappen""."
test_662.jpg,A ski slope with a ski lift in the background.
test_663.jpg,A small dog sits on a wooden rocking chair in front of a sliding glass door.
test_664.jpg,"The image is a photograph taken at a busy market. The market is located on a river, and there are several boats on the water. The boats are filled with various goods, including produce, and there are people on the boats selling the goods. The boats are painted in bright colors, and the people on the boats are wearing traditional clothing. The water is murky, and the boats are moving slowly. The people on the boats are engaged in conversation, and they are all wearing hats. The background of the image is a blur of other boats and people."
test_665.jpg,A snowboarder is jumping in the air.
test_666.jpg,Elephant stands in front of a wall of trees and bushes with a few birds around it.
test_667.jpg,A bunch of bananas are on a tree.
test_668.jpg,A vase of pink flowers sits on a table in front of a red chair. A bottle of soda sits on the table next to the vase. A fan is on the table behind the vase. A sombrero hangs on the wall behind the vase.
test_669.jpg,A kitchen with a large island in the center. The island has a granite countertop and a sink. There are several cabinets on the left side of the island and on the right side of the kitchen. The cabinets are made of wood and have a dark finish. The walls are painted yellow and there is a window on the right side of the kitchen. There are several light fixtures hanging from the ceiling.
test_670.jpg,A blurry photo of two people on skateboards in a tunnel.
test_671.jpg,A baby lies on the floor next to a purple flip phone.
test_672.jpg,A soccer game with three players in red jerseys.
test_673.jpg,A clock tower with a star on top.
test_674.jpg,Two men are sitting on a bench.
test_675.jpg,A close-up of a horse in a field with trees and other animals.
test_676.jpg,A man is riding a motorcycle around a corner. The motorcycle is white and red. The man is wearing a helmet.
test_677.jpg,A busy street scene with people walking and horses.
test_678.jpg,A box of fish and chips sits on the floor next to a toilet.
test_679.jpg,A bear is standing on a rock in front of a forest.
test_680.jpg,A cat eating from a bowl.
test_681.jpg,"A horse is standing on a grassy hill. In the background, there are mountains."
test_682.jpg,Two hot dogs are on a tray with a cup of curly fries next to them.
test_683.jpg,Breakfast tray with pizza and salt and pepper shakers.
test_684.jpg,A photo of a bridge over a river with a train passing over it.
test_685.jpg,Man holding up a skateboard with a lot of writing on it.
test_686.jpg,"A yellow fire hydrant is in the foreground of this image. Behind the fire hydrant is a yellow sign that says ""Steve's Music Store"" in black letters."
test_687.jpg,A baseball game is underway. The batter is in the middle of the swing. The catcher and umpire are standing behind the batter. The pitcher is standing on the mound. The other players are standing in the outfield. The stadium is full of people.
test_688.jpg,A man surfing in a green ocean with black squares in the background.
test_689.jpg,Man with beard and helmet riding a skateboard in traffic.
test_690.jpg,A red pickup truck is parked in a parking lot with a Starbucks sign in the background.
test_691.jpg,A bird is flying in front of a blue sky.
test_692.jpg,A giraffe stands in front of a stone wall with a painted picture of an antelope.
test_693.jpg,Two women are on a wooden dock. One is holding a blue umbrella.
test_694.jpg,A black and white image of a sink with a few items in it.
test_695.jpg,A green truck is driving down the street. The truck is in the middle of the street. The truck is driving down the street. The truck is driving down the street. The truck is driving down the street. The truck is driving down the street. The truck is driving down the street. The truck is driving down the street. The truck is driving down the street. The truck is driving down the street. The truck is driving down the street. The truck is driving down the street. The truck is driving down the street. The truck is driving down the street. The truck is driving down the street. The truck is driving down the street. The truck is driving down the street. The truck is driving down the street. The truck is driving down the street. The truck is driving down the street. The truck is driving down the street. The truck is driving down the street. The truck is driving down the street. The truck is driving down the street. The truck is driving down
test_696.jpg,A group of people are sitting in a living room.
test_697.jpg,A couple of people are holding umbrellas in the rain.
test_698.jpg,Two men are playing a video game with wii remotes.
test_699.jpg,A woman is pulling a horse in an indoor arena.
test_700.jpg,Tall white clock tower with palm trees in front of it.
test_701.jpg,A black and white photo of people standing on a pier with an umbrella.
test_702.jpg,A silver Nokia phone sits on top of a brochure that is open to a page with a picture of a group of girls on it.
test_703.jpg,A large parking lot is filled with cars. The wing of a plane is visible on the left side of the image.
test_704.jpg,A long freight train is on a track.
test_705.jpg,A 3m derm blade and a pair of scissors on a blue cloth.
test_706.jpg,"An elephant stands in a grassy area near a body of water. The elephant is gray and has large ears and a long trunk. The body of water is blue and green, and there are some trees and plants in the background. The elephant is standing in the water, and its body is partially obscured by a black and white grid pattern."
test_707.jpg,A bird with a long tail is standing on the ground. The bird is gray and white. The background is green grass.
test_708.jpg,A person holding an umbrella is walking in the rain.
test_709.jpg,Two identical pictures of a man playing tennis.
test_710.jpg,Baseball player wearing number 31 is sliding into home plate. Player in white with batting helmet on is standing behind him. Umpire in black is standing to the right of the plate.
test_711.jpg,A young man is eating a sandwich in front of a dark background.
test_712.jpg,Several sailboats are docked at a harbor.
test_713.jpg,A man and a boy are reading a comic book together.
test_714.jpg,"Two men and two women are herding goats and sheep in a dry, rocky field. The men are wearing white shirts and shorts. The women are wearing white shirts and green shorts. The animals are walking in a group. The men are holding the animals by leashes. The women are walking behind the animals. The background is a dry, rocky field with trees and a house in the distance."
test_715.jpg,A man is sitting on a red motorcycle.
test_716.jpg,An ambulance is parked at the airport.
test_717.jpg,A woman in a green shirt and denim skirt is opening a white kitchen cabinet.
test_718.jpg,A sandwich with sliced pineapple on top of it.
test_719.jpg,A giraffe is standing in a forest.
test_720.jpg,A man flies a kite in the sky.
test_721.jpg,A woman with blue hair is taking a selfie in the bathroom.
test_722.jpg,A man is flying a kite in a park.
test_723.jpg,A blue and white cat-decorated bus drives down a city street.
test_724.jpg,A black cat is lying on a gray concrete floor next to a small brown mouse.
test_725.jpg,Man in purple suit and pink tie standing on porch with trees in background.
test_726.jpg,A bathroom with a large sink and a shower.
test_727.jpg,"A pizza with mushrooms, ham, and cheese on a plate with a pizza cutter and a spatula."
test_728.jpg,A ski slope with a lot of people skiing down it.
test_729.jpg,Bears in water.
test_730.jpg,Skier in black jacket skiing down snowy hill.
test_731.jpg,A view of a city street with cars driving on it.
test_732.jpg,A cat is sitting on a stack of electronics next to a television that is playing a game.
test_733.jpg,A group of people are on a hilltop.
test_734.jpg,Photograph of a man paragliding over the ocean.
test_735.jpg,Three dirt bike riders are racing on a beach.
test_736.jpg,A close up of celery and broccoli on a buffet table.
test_737.jpg,A woman and a boy are sitting on a bed with two cats on it.
test_738.jpg,A black steam locomotive with white smoke billowing from its funnel is crossing a railroad bridge. The locomotive is heading towards the viewer and is in the center of the image. The locomotive is black with red detailing and has the number 60143 on its side. The locomotive is crossing a railroad bridge and is surrounded by trees and houses. The bridge is made of wood and is painted red. The trees are bare and the houses are made of wood and are painted in various colors. The sky is cloudy and there is a small green house in the background.
test_739.jpg,A round cake covered in a brown powder sits on a white plate.
test_740.jpg,"A desk with two computers, a laptop, and a lamp."
test_741.jpg,A man in a suit and glasses is sitting in a chair.
test_742.jpg,Man surfing in ocean with other surfer in background.
test_743.jpg,"The image depicts a scene in a natural, outdoor setting. The primary focus is on two giraffes standing in a rocky, arid landscape. The giraffes are positioned in the center of the image, with one standing slightly behind the other. Both giraffes have long necks and slender bodies, typical of their species.

The background of the image is characterized by a sparse, rocky terrain with sparse vegetation. The ground is covered in small rocks and stones, suggesting a dry and arid environment. The trees in the background are relatively small and appear to be leafless, indicating a lack of foliage during the time of year the image was taken.

The giraffes are standing in a relaxed manner, with their necks extended upwards. Their legs are slightly bent, and their feet are planted firmly on the ground. The giraffes' coats are a light brown color, with patches of darker brown and black. Their heads are elongated and feature a distinctive pattern of vertical lines, which helps them blend into their surroundings."
test_744.jpg,"A plate of food includes a hot dog, fries, and salad."
test_745.jpg,A baseball player is swinging his bat.
test_746.jpg,Giraffe in zoo with black squares over some parts.
test_747.jpg,"The storefront of a building with a green awning that says ""Fleet"" on the left side and ""Ti Java Stop"" on the right side."
test_748.jpg,A man is walking through a bike shop.
test_749.jpg,"A group of people are sitting at a table in a restaurant. The table is set with plates, cups, and silverware. There is a bottle of water on the table. The people are all looking at each other and talking."
test_750.jpg,A beach with many people on it.
test_751.jpg,A man is walking in front of a horse-drawn wagon. The man is wearing a hat and the horse is wearing a harness. The man is holding a whip in his right hand. The horse is walking slowly. The wagon is made of wood and has a metal frame. The wagon is being pulled by the horse. The horse is walking slowly. The man is walking in front of the wagon. The man is wearing a hat. The horse is wearing a harness. The man is holding a whip in his right hand. The horse is walking slowly. The wagon is made of wood and has a metal frame. The wagon is being pulled by the horse. The horse is walking slowly. The man is walking in front of the wagon. The man is wearing a hat. The horse is wearing a harness. The man is holding a whip in his right hand. The horse is walking slowly. The wagon is made of wood and has a metal frame. The wagon is being pulled by the horse
test_752.jpg,A slice of carrot cake sits on a white square plate with a fork next to it.
test_753.jpg,A Delta airplane is taking off from the runway.
test_754.jpg,Two giraffes stand in a grassy field.
test_755.jpg,A tennis player is standing on a Gerflor tennis court.
test_756.jpg,A small white poodle sits on a fuzzy tan dog bed. The dog is looking at the camera with a sad expression. The dog's fur is fluffy and white. The dog is sitting on a tan dog bed. The dog bed is covered in a fuzzy tan fabric. The dog bed is on a brown surface.
test_757.jpg,A white and red train is on a track.
test_758.jpg,Black and white cat sitting on a bed with a book in front of it.
test_759.jpg,A plate of food with a fork and a lemon wedge next to it.
test_760.jpg,A street sign that says C F R Y S O L I T E A V E.
test_761.jpg,A man is parasailing over the ocean.
test_762.jpg,A close up of a boat with a seagull on it.
test_763.jpg,A sailboat with a white sail is sailing on the water.
test_764.jpg,A train is traveling through a rural area. The train is red and white. The train is surrounded by a field of wheat. The field is tan and green. The field is surrounded by trees. The trees are green. The trees are tall. The trees are in a forest. The forest is in the background. The forest is green. The sky is blue. The sky is in the background.
test_765.jpg,Two young boys are playing with tennis rackets in a yard with a bouncy house in the background.
test_766.jpg,Two elderly women are sitting on a bench overlooking a lake.
test_767.jpg,A woman in a black habit is holding a green umbrella in front of a blue wall with graffiti on it.
test_768.jpg,A tennis player is warming up on a tennis court.
test_769.jpg,A dog looking up at the camera with a black and white tile floor in the background.
test_770.jpg,A photo of a sheep show in a public square with a building in the background.
test_771.jpg,A skier is jumping over a snowy hill.
test_772.jpg,A bathroom with a window and a toilet.
test_773.jpg,A house with a statue of a bear in front of it.
test_774.jpg,A baseball batter stands at the plate with his eyes on the pitcher. He is wearing a white uniform with the letter F on the front. The batter is holding a wooden bat in his right hand. The catcher is standing behind the batter. The umpire is standing behind the catcher. The pitcher is standing on the mound. The background is a green field with a fence around it. The fence has advertisements on it.
test_775.jpg,White polar bear laying in green grass with black squares covering the lower right portion of the image.
test_776.jpg,A white refrigerator with black square pixels covering it.
test_777.jpg,A large clock hangs from the ceiling of a grocery store.
test_778.jpg,A kitchen with a large island in the center.
test_779.jpg,A street scene in a city with cars and buildings.
test_780.jpg,A view of a street with a bench and a bike in front of it.
test_781.jpg,A flood can happen anywhere.
test_782.jpg,"A view of an airport terminal window with a pattern of black squares in the background. In the foreground, there are several airplanes parked on the tarmac. The tail of a United Airlines plane is visible on the left side of the image, and the tail of a Delta Airlines plane is visible on the right side. There are also several other planes parked in the background."
test_783.jpg,"A plane with the word ""American"" on the side."
test_784.jpg,A man surfing on a yellow surfboard in a wavy sea.
test_785.jpg,A room with a tiled floor and a window.
test_786.jpg,Two giraffes stand in front of a forest.
test_787.jpg,Giraffes are walking through a river in a sandy area.
test_788.jpg,A flock of sheep are standing in a pen with a house in the background.
test_789.jpg,A family of elephants walking through tall grass.
test_790.jpg,A bird is on a rock.
test_791.jpg,A clock sits on a grassy hill in front of a church.
test_792.jpg,Tennis player in white uniform is about to hit the ball.
test_793.jpg,Three men sit on a bench and use laptops.
test_794.jpg,A blue cement mixer truck is parked in a parking lot.
test_795.jpg,"A bathroom with a toilet, bucket, and window."
test_796.jpg,A man is surfing on a wave.
test_797.jpg,"Beer glass, cigarette, lighter, phone and hand with ring on it."
test_798.jpg,A woman is holding a banana in front of her face.
test_799.jpg,A black steam engine train is pulling a number of passenger cars through a station. The train is in the foreground and the station is in the background. The train is black and the station is white. The train is moving slowly and the station is empty. The train is a large engine and the station is a small building. The train is a long engine and the station is a short building. The train is a large engine and the station is a small building. The train is a large engine and the station is a small building.
test_800.jpg,"A bathroom with a toilet, sink, and a mirror."
test_801.jpg,A group of female cyclists are racing down the street.
test_802.jpg,"A plate of food with rice, broccoli, and a piece of fish."
test_803.jpg,A large ship is being pushed by a small red boat. The large ship is docked in a large body of water. There are buildings and a large white building with a green roof behind the large ship.
test_804.jpg,A round table has a red and blue patterned tablecloth with black squares all over it. In the middle of the table is a vase of yellow tulips. The tulips are bright yellow and have long green stems. The vase is black and brown. There is a window in the background with a white frame.
test_805.jpg,A man is sitting at a restaurant table with his hand up in the air. He is smiling and holding a phone. The restaurant is decorated with Christmas lights and pictures of famous people.
test_806.jpg,A woman holds a large pizza with a variety of toppings including red peppers and broccoli.
test_807.jpg,An old bathroom with a toilet and sink.
test_808.jpg,A skateboarder is jumping over a ramp in a graffiti-covered building.
test_809.jpg,A building with a clock tower and a sign that says Central Plaza.
test_810.jpg,A man is crouching next to a motorcycle. The man is wearing a brown jacket and a white hat. The motorcycle is covered with a tan tarp.
test_811.jpg,A giraffe stands on an asphalt road in front of a large elephant. The giraffe is tall and slender with a long neck and a spotted coat. The elephant is gray and has large ears. There are also two other elephants in the background. The background is a grassy plain with trees.
test_812.jpg,A woman riding a bike in front of a blue truck.
test_813.jpg,A skier with the number 16 on his arm and leg is skiing down a snowy slope. The skier is wearing a red and white outfit. The background is a crowd of people.
test_814.jpg,A broken cell phone is laying on the ground.
test_815.jpg,A man is cutting a laptop with a knife and scissors.
test_816.jpg,A storefront window with a sign that says The Bear Shop.
test_817.jpg,A man is playing guitar in front of a brick fireplace.
test_818.jpg,"A bedroom with a bed, chairs, and a few paintings."
test_819.jpg,A man and a woman kiss.
test_820.jpg,"A hotel room with a full bed, two nightstands, a lamp, a desk, a chair, a window, a mirror, and a dresser."
test_821.jpg,Giraffe eating with a QR code in the background.
test_822.jpg,A bathroom with urinals and a row of stalls.
test_823.jpg,A black cat is lying on a desk with a red notebook.
test_824.jpg,An elephant is standing in a grassy field. The elephant is gray and has large ears. The elephant is standing next to a tree. The elephant is eating grass. The background is a grassy field with trees.
test_825.jpg,Two men are sitting at a table outside. The man on the left is wearing a white shirt and the man on the right is wearing a plaid shirt. The man in the white shirt is smiling and the man in the plaid shirt is also smiling. There is a small brick house behind them.
test_826.jpg,A street scene with a street sign and a person.
test_827.jpg,A tennis player wearing a yellow shirt with a Nike logo on it.
test_828.jpg,A dining room with a table and chairs.
test_829.jpg,A red and white do not enter sign is on a grey pole.
test_830.jpg,A group of people are sitting in a living room playing a video game on a television.
test_831.jpg,Two men are playing a video game together.
test_832.jpg,A zebra standing in a grassy field.
test_833.jpg,"A home office with a desk, computer, lamp, books, and chairs."
test_834.jpg,A bird is perched on a desk in front of a computer monitor.
test_835.jpg,A man sits in a chair with a laptop on a table in front of him.
test_836.jpg,The inside of a bus is full of people. There are a few people sitting in the bus. There is a TV on the wall. There are a few bags on the bus.
test_837.jpg,A pizza is missing a slice and is on a metal pan.
test_838.jpg,A man surfing in the ocean with black squares all over it.
test_839.jpg,A cow is in front of a fence with a blue collar and a white and brown coat.
test_840.jpg,A young man with a blue shirt and red shoes is standing next to a skateboard. He has his arms in the air and is looking at the other three men who are skateboarding. The other three men are wearing helmets and are doing different tricks.
test_841.jpg,Three elephants are standing in a river. The elephants are gray and have long trunks. The elephants are standing in a river. The river is brown and murky. The elephants are standing in a river. The river is brown and murky.
test_842.jpg,A man is sitting in a beach chair and reading a book.
test_843.jpg,A skier with a Fanta shirt on is skiing down a snowy hill.
test_844.jpg,A woman sits on a bench with her luggage.
test_845.jpg,A street scene with a view of a building with a yellow exterior and a sign for a cable car.
test_846.jpg,A cell with a toilet and a sink behind bars.
test_847.jpg,Man decorating cake at birthday party.
test_848.jpg,A group of people are riding horses down a dirt road in a forest.
test_849.jpg,"A bathroom with a toilet, sink, and shower curtain."
test_850.jpg,"A close up of a fruit salad with raspberries, blueberries, and orange slices."
test_851.jpg,A person is lying on a lounge chair under three umbrellas by a blue swimming pool.
test_852.jpg,A woman is talking on the phone in front of a North Pacific Cellular store.
test_853.jpg,A large building with a lot of windows and a few people walking around.
test_854.jpg,A clock tower with a green roof and two clocks on it.
test_855.jpg,A train is on a track in a complex area with a lot of tracks.
test_856.jpg,A woman is sitting on a sidewalk talking on the phone. She has a purse on her right side and a bottle of water on her left.
test_857.jpg,A man wearing a purple suit with a floral pattern and a white cowboy hat is taking a picture of a park.
test_858.jpg,"A woman and a child are playing with a toy car in a living room. The woman is kneeling on the floor and the child is standing on a skateboard. The child is wearing an orange shirt that says ""BEARS"" on the front. The woman is wearing a blue shirt and jeans. The living room is decorated with a lamp, a rocking chair, and a few other pieces of furniture."
test_859.jpg,A beach with a cliff and a kite flying in the sky.
test_860.jpg,Black and white photo of a surfer jumping over a wave.
test_861.jpg,A woman is parasailing over the ocean.
test_862.jpg,A baby boy is sitting on a couch and playing with a cell phone.
test_863.jpg,A man in red is lying on the sidewalk in front of a red fire hydrant.
test_864.jpg,A traffic light is green.
test_865.jpg,A field of green grass and trees with a white sheep in the middle.
test_866.jpg,A man in a white and black outfit is doing a wheelie on a BMW motorcycle. He is wearing a helmet and gloves. The motorcycle is black and white. The man is in front of a crowd of people who are watching him. The crowd is standing behind a white fence. There are also some BMW logos on the fence.
test_867.jpg,A bench with a brick wall behind it has two round windows that look like eyes.
test_868.jpg,A long freight train is traveling down a track through a rural area.
test_869.jpg,Room with brown couch and cat in front of it.
test_870.jpg,Man and girl surfing in ocean.
test_871.jpg,A man in a police uniform is standing in front of a train.
test_872.jpg,"A bathroom with a shower curtain, toilet, and sink."
test_873.jpg,"Three little girls are walking down a road in the rain. They are wearing raincoats and holding hands. One of the girls is holding a purple umbrella. In the background, there is a red house and some trees."
test_874.jpg,A traffic worker is directing traffic in a busy city street.
test_875.jpg,"A yellow bus with the words ""Paris, Transport, and Dépanneur"" on the side is parked in front of a red truck."
test_876.jpg,Two boys throw a frisbee in the woods.
test_877.jpg,A night view of a small house with a cat and a bicycle.
test_878.jpg,A wooden board with a serving of fried potato wedges and a small bowl of mustard.
test_879.jpg,A group of people are standing in front of a fire. Some of them are holding umbrellas.
test_880.jpg,A girl paddleboarding in the water.
test_881.jpg,A man playing tennis at Penn State.
test_882.jpg,A woman carrying a large basket of vegetables on her back with a long pole.
test_883.jpg,Teddy bear sitting on bed with tree painted on wall behind it.
test_884.jpg,A little girl is standing in front of a large suitcase that has the letters TV on it.
test_885.jpg,A bedroom with a bed that has black squares all over it.
test_886.jpg,"A still life of a flower arrangement sits on a table. The flowers are pink, white, and yellow. The table is covered with a white tablecloth. The background is a pale blue."
test_887.jpg,A busy airport parking lot with many buses and people.
test_888.jpg,A baseball game is underway at night. The player with the number 2 is swinging the bat. The catcher and umpire are in the background.
test_889.jpg,"The image depicts a railway yard with multiple tracks and various structures. The foreground is dominated by a series of tracks, each with a distinct pattern of gravel and stones. The tracks are laid out in a somewhat haphazard manner, suggesting that they are not part of a well-organized layout. The tracks are supported by concrete blocks and metal poles, which are connected by electrical wires and cables.

In the background, there are several buildings and structures, including a large, gray building with a sign that reads ""KORAIL,"" indicating it is a railway company. The building is situated on the right side of the image and appears to be a commercial or industrial building.

To the left of the KORAIL building, there is a smaller, white building with a sign that is partially visible. The building is also supported by concrete blocks and metal poles, and it appears to be a smaller office or commercial space.

The sky is clear, and there are no"
test_890.jpg,A skateboarder is jumping over a ramp in a skate park.
test_891.jpg,A group of people are peeling bananas.
test_892.jpg,"A kitchen with a stove, a pot on the stove, a box of cereal, a dish rack, and a box of Charmin toilet paper."
test_893.jpg,Several KLM airplanes are parked on the tarmac at an airport.
test_894.jpg,A red brick building has a large arched window and a gray door.
test_895.jpg,A cat sleeping in a sink.
test_896.jpg,A man is taking a picture of himself in a mirror. The mirror is made of glass and has black dots all over it. The man is wearing a suit and tie. The man is standing in front of a red carpet. There is a couch in the background.
test_897.jpg,A woman is sitting on a train with her luggage.
test_898.jpg,A birthday cake with five lit candles sits on a blue plate.
test_899.jpg,A red fire hydrant sits on sidewalk in front of a horse drawn carriage.
test_900.jpg,A clock tower is lit up in the dark.
test_901.jpg,A yellow double-decker bus with the word love on the side is in the middle of a busy street with other vehicles.
test_902.jpg,Group of men posing on ski lift.
test_903.jpg,A black and white photo of a bicycle parked on a cobblestone street with a wooden basket on the front.
test_904.jpg,A purple cityscape with a black fence in the background.
test_905.jpg,A man is holding a frisbee on the beach.
test_906.jpg,A young girl with a helmet is skateboarding in a skate park.
test_907.jpg,A collage of cows and horses eating hay with a white horse in the bottom right corner.
test_908.jpg,A brown cow with large horns is grazing in a green field. In the background are tall green mountains.
test_909.jpg,Zebra standing in a zoo with water in front.
test_910.jpg,A baseball player is swinging his bat.
test_911.jpg,"A large, red brick building with a green clock tower is in the background. The building has many windows and statues on the front. The sky is blue with some clouds."
test_912.jpg,"A bus is driving under a red archway that says ""UC DAVIS TOWNE CENT""."
test_913.jpg,A bag of equipment is on a table.
test_914.jpg,A man and woman are sitting on a couch in a living room. The man is wearing a green shirt with a mushroom on it. The woman is wearing a pink shirt. They are both holding controllers.
test_915.jpg,A young boy is reading a newspaper while eating a waffle.
test_916.jpg,A black cat is sitting on a wooden desk in front of a laptop. The laptop is open and displaying a blue screen with a white letter X in the top left corner. There is a speaker next to the laptop. There is a small white cup on the desk. There is a small white bottle on the desk. There is a small white box on the desk. There are black squares all over the image.
test_917.jpg,Two zebras grazing in a dry grassy field with trees in the background.
test_918.jpg,A man is flying a kite in a park.
test_919.jpg,Cows grazing in a marsh with trees in the background.
test_920.jpg,A red double decker bus from the 1970's is parked on a field. The bus is from Henly's Tower.
test_921.jpg,A black fork and chopsticks on a white plate with a brown napkin and crumbs.
test_922.jpg,"Three young baseball players in blue C.C. uniforms stand in front of a red sign with the word ""C"" on it."
test_923.jpg,A woman is kissing a bear in a cage.
test_924.jpg,A man is walking through a narrow river with a herd of cows.
test_925.jpg,A black and white photo of a small plane with the word America on the side.
test_926.jpg,A cityscape is seen through a window.
test_927.jpg,"A large flock of sheep is being herded through a rural area. The sheep are walking on a dirt road, and the herder is standing in the middle of the road. The herder is wearing a long-sleeved shirt and a hat. The sheep are white and fluffy, and they are walking close together. The road is bordered by a wooden fence, and there is a field of tall grass behind the fence. The field is mostly brown, but there are some green patches of grass. There is a small hill in the background, and there are some trees on the hill. The sky is blue, and there are some clouds in the sky."
test_928.jpg,"A beach scene with a hot air balloon in the foreground. The balloon is multicolored, with red, green, yellow, and blue sections. The balloon is being held by two people, one of whom is wearing a black jacket and the other is wearing a blue jacket. The people are standing on the beach, which is covered in sand. In the background, there is a body of water, which is likely the ocean. There are also some hills in the background, which are covered in green vegetation. The sky is blue and there are some clouds in the sky."
